${WorkflowName},${Webhook URL},${Execute Status},${Connector Source},${RandomNumber},${1440},${RandomMinNoDuplicates},${RandomMinDuplicates},${Comment},${Release}
Marketo,https://ipaasdev.int-aw-us.webmethods-int.io/runflow/run/1UoQkLMZLy,TRUE,CSC,0,1213,128,317,,
AmazonDynamo_DB,https://ipaasdev.int-aw-us.webmethods-int.io/runflow/run/2cWSR4RvYs,TRUE,,,,,,,
AmazonSNS,https://ipaasdev.int-aw-us.webmethods-int.io/runflow/run/2aEU4H4W8M,TRUE,,,,,,,
AmazonSQS,https://ipaasdev.int-aw-us.webmethods-int.io/runflow/run/IYXc7WFXw,TRUE,,,,,,,
SalesforceCRM,https://ipaasdev.int-aw-us.webmethods-int.io/runflow/run/11QS6zCbRC,TRUE,,,,,,,
Atlassian_Jira,https://ipaasdev.int-aw-us.webmethods-int.io/runflow/run/2acvwdxF0c,TRUE,,,,,,,
Cumulocity,https://ipaasdev.int-aw-us.webmethods-int.io/runflow/run/2vpfguNxYQ,TRUE,,,,,,,
ServiceNow,https://ipaasdev.int-aw-us.webmethods-int.io/runflow/run/1MnUBqe9Zu,TRUE,,,,,,,
Shopify,https://ipaasdev.int-aw-us.webmethods-int.io/runflow/run/1rGpt4p5pO,TRUE,,,,,,,
SAPC4C,https://ipaasdev.int-aw-us.webmethods-int.io/runflow/run/bpwqYD2AM,TRUE,,,,,,,
WorkDay,https://ipaasdev.int-aw-us.webmethods-int.io/runflow/run/2jOPceyDYM,TRUE,,,,,,,
Amazon_Kinesis,https://ipaasdev.int-aw-us.webmethods-int.io/runflow/run/2AOjPqexEg,TRUE,,,,,,,
Amazon_S3,https://ipaasdev.int-aw-us.webmethods-int.io/runflow/run/10fua0n7N2,TRUE,,,,,,,
Salesforce_CRM_REST,https://ipaasdev.int-aw-us.webmethods-int.io/runflow/run/2xvRPbOCoM,TRUE,,,,,,,
